{
  "mean":{
    "gender":0.4142857143,
    "age":43.2266144814,
    "hypertension":0.0974559687,
    "heart_disease":0.0540117417,
    "ever_married":0.6561643836,
    "work_type":2.1677103718,
    "Residence_type":0.5080234834,
    "avg_glucose_level":106.1476771037,
    "bmi":28.862035225,
    "smoking_status":1.3769080235,
    "stroke":0.0487279843
  },
  "std":{
    "gender":0.4930436314,
    "age":22.6126467231,
    "hypertension":0.2966066742,
    "heart_disease":0.2260629875,
    "ever_married":0.47503352,
    "work_type":1.0902934982,
    "Residence_type":0.4999845441,
    "avg_glucose_level":45.2835601506,
    "bmi":7.6995623188,
    "smoking_status":1.0715337629,
    "stroke":0.215319857
  },
  "min":{
    "gender":0.0,
    "age":0.08,
    "hypertension":0.0,
    "heart_disease":0.0,
    "ever_married":0.0,
    "work_type":0.0,
    "Residence_type":0.0,
    "avg_glucose_level":55.12,
    "bmi":10.3,
    "smoking_status":0.0,
    "stroke":0.0
  },
  "max":{
    "gender":2.0,
    "age":82.0,
    "hypertension":1.0,
    "heart_disease":1.0,
    "ever_married":1.0,
    "work_type":4.0,
    "Residence_type":1.0,
    "avg_glucose_level":271.74,
    "bmi":97.6,
    "smoking_status":3.0,
    "stroke":1.0
  }
}